{"mean":{"confidence_interval":{"confidence_level":0.95,"lower_bound":11659930256.398571,"upper_bound":12524412595.35126},"point_estimate":12057366232.338413,"standard_error":226920863.60632667},"median":{"confidence_interval":{"confidence_level":0.95,"lower_bound":11503628547.166666,"upper_bound":12985344351.5},"point_estimate":11582469181.1,"standard_error":389661805.6618103},"median_abs_dev":{"confidence_interval":{"confidence_level":0.95,"lower_bound":692112.6323606593,"upper_bound":1150230188.987543},"point_estimate":118530057.26773188,"standard_error":337670452.3772333},"slope":{"confidence_interval":{"confidence_level":0.95,"lower_bound":11819512794.989668,"upper_bound":13006338561.720768},"point_estimate":12620683994.592207,"standard_error":292169912.4287246},"std_dev":{"confidence_interval":{"confidence_level":0.95,"lower_bound":228633244.32967517,"upper_bound":865675729.8533036},"point_estimate":758415414.6518446,"standard_error":139094796.18773034}}