{"mean":{"confidence_interval":{"confidence_level":0.95,"lower_bound":167978618.37182772,"upper_bound":170606264.7029329},"point_estimate":169129823.8287581,"standard_error":673057.5110598414},"median":{"confidence_interval":{"confidence_level":0.95,"lower_bound":167565334.87878788,"upper_bound":169496640.1666667},"point_estimate":169141639.11282468,"standard_error":494885.38680223026},"median_abs_dev":{"confidence_interval":{"confidence_level":0.95,"lower_bound":82876.83710819225,"upper_bound":3146100.561784473},"point_estimate":643013.8721594953,"standard_error":837393.2909460069},"slope":{"confidence_interval":{"confidence_level":0.95,"lower_bound":167452417.21317267,"upper_bound":169943511.64664873},"point_estimate":168553794.94952774,"standard_error":646644.9452181763},"std_dev":{"confidence_interval":{"confidence_level":0.95,"lower_bound":792563.101350111,"upper_bound":3248800.506617911},"point_estimate":2245366.549222627,"standard_error":740359.9769576297}}