{"mean":{"confidence_interval":{"confidence_level":0.95,"lower_bound":4868086.53367226,"upper_bound":4989203.659023386},"point_estimate":4934770.173684469,"standard_error":31080.926725812456},"median":{"confidence_interval":{"confidence_level":0.95,"lower_bound":4864086.644787645,"upper_bound":5008916.204054054},"point_estimate":4977035.989054054,"standard_error":34495.132917634335},"median_abs_dev":{"confidence_interval":{"confidence_level":0.95,"lower_bound":6456.698264415831,"upper_bound":162760.10778551517},"point_estimate":66597.40458813246,"standard_error":38921.787199982915},"slope":{"confidence_interval":{"confidence_level":0.95,"lower_bound":4892566.839065506,"upper_bound":4981632.415713388},"point_estimate":4949220.492643032,"standard_error":22841.529603714367},"std_dev":{"confidence_interval":{"confidence_level":0.95,"lower_bound":37045.55683987974,"upper_bound":141293.8476722581},"point_estimate":103532.91638383565,"standard_error":28285.87262189258}}