{"mean":{"confidence_interval":{"confidence_level":0.95,"lower_bound":41127913.60504398,"upper_bound":45719227.936423615},"point_estimate":43545953.87976885,"standard_error":1176279.2617877321},"median":{"confidence_interval":{"confidence_level":0.95,"lower_bound":39929141.5375,"upper_bound":46582254.766666666},"point_estimate":44725326.098124996,"standard_error":1614014.5295745898},"median_abs_dev":{"confidence_interval":{"confidence_level":0.95,"lower_bound":684278.7939176649,"upper_bound":5981361.437161277},"point_estimate":3354950.4664017726,"standard_error":1517665.8359810004},"slope":{"confidence_interval":{"confidence_level":0.95,"lower_bound":38545318.74004362,"upper_bound":45139025.64671095},"point_estimate":41650663.816753246,"standard_error":1744561.2783194475},"std_dev":{"confidence_interval":{"confidence_level":0.95,"lower_bound":1616920.4767328324,"upper_bound":4800220.954688096},"point_estimate":3927176.489942806,"standard_error":731946.7790946946}}