{"mean":{"confidence_interval":{"confidence_level":0.95,"lower_bound":46490068.983444855,"upper_bound":47920431.881389566},"point_estimate":47106951.30902451,"standard_error":373080.3555794048},"median":{"confidence_interval":{"confidence_level":0.95,"lower_bound":46278740.3607595,"upper_bound":47691205.567088604},"point_estimate":46702424.960443035,"standard_error":344667.3021273575},"median_abs_dev":{"confidence_interval":{"confidence_level":0.95,"lower_bound":182293.98371173927,"upper_bound":1605409.968147698},"point_estimate":719301.7681947122,"standard_error":368752.0063163739},"slope":{"confidence_interval":{"confidence_level":0.95,"lower_bound":46752721.0806814,"upper_bound":48220304.33086865},"point_estimate":47423678.79534769,"standard_error":367974.90181081457},"std_dev":{"confidence_interval":{"confidence_level":0.95,"lower_bound":342599.7678461363,"upper_bound":1775478.3304115376},"point_estimate":1238273.0139117893,"standard_error":407708.7650289205}}