{"mean":{"confidence_interval":{"confidence_level":0.95,"lower_bound":18607333.262395624,"upper_bound":19346567.97472595},"point_estimate":18989401.194790762,"standard_error":190166.90024114712},"median":{"confidence_interval":{"confidence_level":0.95,"lower_bound":18391922.22979798,"upper_bound":19577154.7517316},"point_estimate":19134431.46127946,"standard_error":346926.3120038095},"median_abs_dev":{"confidence_interval":{"confidence_level":0.95,"lower_bound":14705.387982563472,"upper_bound":1076218.584406936},"point_estimate":678916.1362923882,"standard_error":318102.33775394503},"slope":{"confidence_interval":{"confidence_level":0.95,"lower_bound":18989896.681726355,"upper_bound":19548827.5076182},"point_estimate":19375832.067847304,"standard_error":145369.8184607748},"std_dev":{"confidence_interval":{"confidence_level":0.95,"lower_bound":362088.8822527832,"upper_bound":752655.2433990022},"point_estimate":633385.184120146,"standard_error":98611.13536630556}}