{"mean":{"confidence_interval":{"confidence_level":0.95,"lower_bound":318906078.1117461,"upper_bound":338390573.4523141},"point_estimate":328778250.5899471,"standard_error":4994315.535490233},"median":{"confidence_interval":{"confidence_level":0.95,"lower_bound":312683003.3888889,"upper_bound":342522457.8055556},"point_estimate":332334408.4238095,"standard_error":8088181.802392246},"median_abs_dev":{"confidence_interval":{"confidence_level":0.95,"lower_bound":2886623.596052189,"upper_bound":27150425.256063573},"point_estimate":22981047.124415964,"standard_error":6527160.541958087},"slope":{"confidence_interval":{"confidence_level":0.95,"lower_bound":323181086.3513682,"upper_bound":343531889.0327979},"point_estimate":334062733.3138528,"standard_error":5192848.940583553},"std_dev":{"confidence_interval":{"confidence_level":0.95,"lower_bound":10302596.965649268,"upper_bound":20039727.14611855},"point_estimate":16598502.741596706,"standard_error":2496406.7791144075}}