{"mean":{"confidence_interval":{"confidence_level":0.95,"lower_bound":68836968.04037088,"upper_bound":73051027.52650204},"point_estimate":70447718.3816255,"standard_error":1178319.3478276771},"median":{"confidence_interval":{"confidence_level":0.95,"lower_bound":68599920.80740741,"upper_bound":70537240.37037037},"point_estimate":69219445.87654321,"standard_error":462382.63503807446},"median_abs_dev":{"confidence_interval":{"confidence_level":0.95,"lower_bound":103273.71041590598,"upper_bound":1903243.6500440016},"point_estimate":618682.6139702566,"standard_error":600185.0262131251},"slope":{"confidence_interval":{"confidence_level":0.95,"lower_bound":69026459.15935,"upper_bound":77137721.95402701},"point_estimate":72728747.03732564,"standard_error":2387055.7019634806},"std_dev":{"confidence_interval":{"confidence_level":0.95,"lower_bound":373627.78171579307,"upper_bound":5983202.559125231},"point_estimate":3928012.4152374547,"standard_error":1833020.149566023}}