{"mean":{"confidence_interval":{"confidence_level":0.95,"lower_bound":4352441400.938215,"upper_bound":4995340380.338416},"point_estimate":4671809955.453353,"standard_error":166262627.29327586},"median":{"confidence_interval":{"confidence_level":0.95,"lower_bound":4125966615.5,"upper_bound":5288438448.3},"point_estimate":4502648955.358334,"standard_error":363331328.4788485},"median_abs_dev":{"confidence_interval":{"confidence_level":0.95,"lower_bound":18842506.197124783,"upper_bound":767492822.6739503},"point_estimate":624268056.444117,"standard_error":234751033.5976382},"slope":{"confidence_interval":{"confidence_level":0.95,"lower_bound":4702830599.680297,"upper_bound":5238065554.267505},"point_estimate":5079112665.579221,"standard_error":136546444.06547028},"std_dev":{"confidence_interval":{"confidence_level":0.95,"lower_bound":369041398.82379186,"upper_bound":611652379.744296},"point_estimate":554027928.5377442,"standard_error":63161645.34216677}}