{"mean":{"confidence_interval":{"confidence_level":0.95,"lower_bound":374878273.2238115,"upper_bound":380888798.30613077},"point_estimate":377968729.004002,"standard_error":1541529.8518916306},"median":{"confidence_interval":{"confidence_level":0.95,"lower_bound":373216432.13125,"upper_bound":382015160.4916667},"point_estimate":379227838.1527778,"standard_error":2566583.2654686137},"median_abs_dev":{"confidence_interval":{"confidence_level":0.95,"lower_bound":874090.0913017811,"upper_bound":8383184.728467849},"point_estimate":5066423.851568018,"standard_error":2003981.352565484},"slope":{"confidence_interval":{"confidence_level":0.95,"lower_bound":372941941.8639215,"upper_bound":378500381.08375454},"point_estimate":375203119.47974026,"standard_error":1432021.1036634583},"std_dev":{"confidence_interval":{"confidence_level":0.95,"lower_bound":3045900.3176915795,"upper_bound":6246295.557256389},"point_estimate":5144261.828190405,"standard_error":812445.1635046963}}