{"mean":{"confidence_interval":{"confidence_level":0.95,"lower_bound":335095608.5405916,"upper_bound":338584981.419495},"point_estimate":336794057.8458694,"standard_error":895572.7322855869},"median":{"confidence_interval":{"confidence_level":0.95,"lower_bound":334244721.2828283,"upper_bound":339887952.75},"point_estimate":335730178.5568182,"standard_error":1556847.3506234481},"median_abs_dev":{"confidence_interval":{"confidence_level":0.95,"lower_bound":596570.6636387396,"upper_bound":4703909.832249558},"point_estimate":3303775.18762131,"standard_error":1144235.110751466},"slope":{"confidence_interval":{"confidence_level":0.95,"lower_bound":335028511.51012814,"upper_bound":338147823.10846084},"point_estimate":336292795.8453365,"standard_error":795034.9356705477},"std_dev":{"confidence_interval":{"confidence_level":0.95,"lower_bound":1813811.3956572143,"upper_bound":3492085.881046848},"point_estimate":2976174.5437293393,"standard_error":428558.5012996458}}