{"mean":{"confidence_interval":{"confidence_level":0.95,"lower_bound":1729043748.475,"upper_bound":2189157820.888304},"point_estimate":1952426815.127381,"standard_error":112749999.52228779},"median":{"confidence_interval":{"confidence_level":0.95,"lower_bound":1709402907.5,"upper_bound":2429653599.857143},"point_estimate":1718851124.0,"standard_error":185281658.86129284},"median_abs_dev":{"confidence_interval":{"confidence_level":0.95,"lower_bound":2579065.8033623113,"upper_bound":580014567.4519081},"point_estimate":18521854.04719636,"standard_error":165056849.36356893},"slope":{"confidence_interval":{"confidence_level":0.95,"lower_bound":1755150983.2315478,"upper_bound":2402307579.0404716},"point_estimate":2124322118.2025974,"standard_error":156943671.68331015},"std_dev":{"confidence_interval":{"confidence_level":0.95,"lower_bound":28428789.93918666,"upper_bound":422019669.983327},"point_estimate":375506316.0042685,"standard_error":76508027.02862775}}