{"mean":{"confidence_interval":{"confidence_level":0.95,"lower_bound":8630463514.566694,"upper_bound":9045872484.726746},"point_estimate":8831413186.815517,"standard_error":106713760.59338483},"median":{"confidence_interval":{"confidence_level":0.95,"lower_bound":8619349827.375,"upper_bound":9044599884.875},"point_estimate":8756532856.416668,"standard_error":100474435.78663832},"median_abs_dev":{"confidence_interval":{"confidence_level":0.95,"lower_bound":23751142.458972365,"upper_bound":589227461.797247},"point_estimate":217554786.70368233,"standard_error":172229780.65380478},"slope":{"confidence_interval":{"confidence_level":0.95,"lower_bound":8509997338.842412,"upper_bound":9221568576.280014},"point_estimate":8879453289.350649,"standard_error":191742104.6886667},"std_dev":{"confidence_interval":{"confidence_level":0.95,"lower_bound":159193427.46272913,"upper_bound":470247683.7739959},"point_estimate":356527708.65708005,"standard_error":78858738.92364503}}