{"mean":{"confidence_interval":{"confidence_level":0.95,"lower_bound":54358389.38782915,"upper_bound":57919974.07154669},"point_estimate":55709328.68328873,"standard_error":995375.2349021797},"median":{"confidence_interval":{"confidence_level":0.95,"lower_bound":54234530.57385105,"upper_bound":55527728.89767442},"point_estimate":54457575.30878553,"standard_error":432752.35346762784},"median_abs_dev":{"confidence_interval":{"confidence_level":0.95,"lower_bound":64399.8896718628,"upper_bound":1754648.9364972394},"point_estimate":338189.2134951646,"standard_error":526460.3575704409},"slope":{"confidence_interval":{"confidence_level":0.95,"lower_bound":54281117.96608742,"upper_bound":61212582.10887781},"point_estimate":57304095.50997684,"standard_error":2095909.930553257},"std_dev":{"confidence_interval":{"confidence_level":0.95,"lower_bound":188203.37874927407,"upper_bound":5056308.516776751},"point_estimate":3312696.54694257,"standard_error":1570603.4593026869}}