{"mean":{"confidence_interval":{"confidence_level":0.95,"lower_bound":8978729.928486014,"upper_bound":9091043.435875725},"point_estimate":9017216.944844399,"standard_error":34538.59465960966},"median":{"confidence_interval":{"confidence_level":0.95,"lower_bound":8976668.722660098,"upper_bound":8987041.546113849},"point_estimate":8981167.088300493,"standard_error":8815.905320468353},"median_abs_dev":{"confidence_interval":{"confidence_level":0.95,"lower_bound":969.1784198368352,"upper_bound":11118.488188073348},"point_estimate":5421.280723925361,"standard_error":10628.777708130749},"slope":{"confidence_interval":{"confidence_level":0.95,"lower_bound":8977749.012082195,"upper_bound":9020849.039963054},"point_estimate":8989662.286341244,"standard_error":11873.92519265767},"std_dev":{"confidence_interval":{"confidence_level":0.95,"lower_bound":2601.042887476435,"upper_bound":176555.88909813575},"point_estimate":115203.69011318855,"standard_error":64083.94604023411}}