{"mean":{"confidence_interval":{"confidence_level":0.95,"lower_bound":5088786.529659198,"upper_bound":5122844.346452358},"point_estimate":5100950.131461696,"standard_error":10086.747920139727},"median":{"confidence_interval":{"confidence_level":0.95,"lower_bound":5086400.6512605045,"upper_bound":5093930.61705571},"point_estimate":5091566.589285715,"standard_error":2911.4711592808017},"median_abs_dev":{"confidence_interval":{"confidence_level":0.95,"lower_bound":807.8564052661212,"upper_bound":8769.275195098016},"point_estimate":4581.07794441614,"standard_error":3566.263182978648},"slope":{"confidence_interval":{"confidence_level":0.95,"lower_bound":5090982.5199252125,"upper_bound":5159523.0407850435},"point_estimate":5119579.23617447,"standard_error":21225.011554952558},"std_dev":{"confidence_interval":{"confidence_level":0.95,"lower_bound":2522.7681300191234,"upper_bound":51738.12658762392},"point_estimate":33672.00007931009,"standard_error":17814.041192424454}}