{"mean":{"confidence_interval":{"confidence_level":0.95,"lower_bound":5699167488.273264,"upper_bound":6076017688.6449995},"point_estimate":5879171777.718889,"standard_error":96410338.60999583},"median":{"confidence_interval":{"confidence_level":0.95,"lower_bound":5630647164.25,"upper_bound":6218228247.055555},"point_estimate":5647954171.3,"standard_error":189981536.02398756},"median_abs_dev":{"confidence_interval":{"confidence_level":0.95,"lower_bound":1420699.8804027708,"upper_bound":448432534.96150076},"point_estimate":27080068.077188205,"standard_error":158285673.8792102},"slope":{"confidence_interval":{"confidence_level":0.95,"lower_bound":5828135180.456967,"upper_bound":6256760904.89798},"point_estimate":6114240788.346753,"standard_error":111174682.12220363},"std_dev":{"confidence_interval":{"confidence_level":0.95,"lower_bound":182072733.6565708,"upper_bound":363275170.4504992},"point_estimate":321161557.0805639,"standard_error":49270294.90516247}}