{"mean":{"confidence_interval":{"confidence_level":0.95,"lower_bound":2398346270.2004566,"upper_bound":2549835898.243909},"point_estimate":2461845014.0212436,"standard_error":39266019.81598571},"median":{"confidence_interval":{"confidence_level":0.95,"lower_bound":2394470722.5,"upper_bound":2540424854.824074},"point_estimate":2402808882.5654764,"standard_error":31812013.120497193},"median_abs_dev":{"confidence_interval":{"confidence_level":0.95,"lower_bound":3165661.8308986044,"upper_bound":195252060.9431221},"point_estimate":13677297.050396025,"standard_error":33349747.40070597},"slope":{"confidence_interval":{"confidence_level":0.95,"lower_bound":2402583404.4871793,"upper_bound":2657001970.3656816},"point_estimate":2548067742.222511,"standard_error":69372680.71615803},"std_dev":{"confidence_interval":{"confidence_level":0.95,"lower_bound":7645992.704811681,"upper_bound":168685645.74946898},"point_estimate":130567522.3847406,"standard_error":44050669.06035007}}