{"mean":{"confidence_interval":{"confidence_level":0.95,"lower_bound":354284149.59815335,"upper_bound":399924800.74750847},"point_estimate":377309110.85906386,"standard_error":11591380.906811649},"median":{"confidence_interval":{"confidence_level":0.95,"lower_bound":333139789.1212121,"upper_bound":411010699.0037879},"point_estimate":397396713.061039,"standard_error":27799653.093177162},"median_abs_dev":{"confidence_interval":{"confidence_level":0.95,"lower_bound":418125.9501744622,"upper_bound":57062391.27135982},"point_estimate":22249516.016084954,"standard_error":18010729.222455934},"slope":{"confidence_interval":{"confidence_level":0.95,"lower_bound":386616250.3200846,"upper_bound":409565439.3538353},"point_estimate":403209700.3609209,"standard_error":6092148.924208879},"std_dev":{"confidence_interval":{"confidence_level":0.95,"lower_bound":24596865.228719585,"upper_bound":41106971.80315212},"point_estimate":38661686.87514539,"standard_error":4367204.226879566}}