{"mean":{"confidence_interval":{"confidence_level":0.95,"lower_bound":49182008.664836146,"upper_bound":54408790.6680734},"point_estimate":51521577.61301108,"standard_error":1351623.8031587363},"median":{"confidence_interval":{"confidence_level":0.95,"lower_bound":48274485.75119427,"upper_bound":53821483.35350318},"point_estimate":49827581.58980892,"standard_error":1588997.9107645669},"median_abs_dev":{"confidence_interval":{"confidence_level":0.95,"lower_bound":702645.4999349808,"upper_bound":6605147.775105888},"point_estimate":3477235.135877584,"standard_error":1514559.3007442856},"slope":{"confidence_interval":{"confidence_level":0.95,"lower_bound":48158672.56843746,"upper_bound":52068358.71266568},"point_estimate":49510197.9617669,"standard_error":1004760.6074793504},"std_dev":{"confidence_interval":{"confidence_level":0.95,"lower_bound":1806845.730324887,"upper_bound":6260620.784506114},"point_estimate":4497926.892613651,"standard_error":1285154.2533409614}}