{"mean":{"confidence_interval":{"confidence_level":0.95,"lower_bound":15475406160.9275,"upper_bound":15896552563.720833},"point_estimate":15704126924.333334,"standard_error":108213429.66143215},"median":{"confidence_interval":{"confidence_level":0.95,"lower_bound":15435863860.0,"upper_bound":15933794782.666666},"point_estimate":15814492904.5,"standard_error":113686831.57725103},"median_abs_dev":{"confidence_interval":{"confidence_level":0.95,"lower_bound":47388848.52527976,"upper_bound":569350955.695198},"point_estimate":202140159.56559384,"standard_error":145926493.06820843},"slope":null,"std_dev":{"confidence_interval":{"confidence_level":0.95,"lower_bound":139756138.8957036,"upper_bound":486033814.29203516},"point_estimate":360050926.4653919,"standard_error":93479059.08862324}}