{"mean":{"confidence_interval":{"confidence_level":0.95,"lower_bound":9021855.960236916,"upper_bound":9496727.412870325},"point_estimate":9251259.317602154,"standard_error":117657.9882047408},"median":{"confidence_interval":{"confidence_level":0.95,"lower_bound":8980211.504950495,"upper_bound":9801410.066831684},"point_estimate":9033248.028465346,"standard_error":198882.1180486509},"median_abs_dev":{"confidence_interval":{"confidence_level":0.95,"lower_bound":5484.916480223218,"upper_bound":619886.6520931611},"point_estimate":79876.62250046882,"standard_error":163978.77803471862},"slope":{"confidence_interval":{"confidence_level":0.95,"lower_bound":9009785.60326087,"upper_bound":9737869.833843531},"point_estimate":9520454.824341005,"standard_error":162140.69675744016},"std_dev":{"confidence_interval":{"confidence_level":0.95,"lower_bound":40078.369933375405,"upper_bound":437594.96754448157},"point_estimate":393309.3523045877,"standard_error":76964.76767104068}}