{"mean":{"confidence_interval":{"confidence_level":0.95,"lower_bound":35936693.094036356,"upper_bound":35986867.238986924},"point_estimate":35960986.421977125,"standard_error":12884.81102653051},"median":{"confidence_interval":{"confidence_level":0.95,"lower_bound":35921042.68300653,"upper_bound":36005441.90980392},"point_estimate":35946763.85228758,"standard_error":24274.530642213995},"median_abs_dev":{"confidence_interval":{"confidence_level":0.95,"lower_bound":1728.087762940757,"upper_bound":71018.05283232396},"point_estimate":39643.437770550336,"standard_error":20160.771284135142},"slope":{"confidence_interval":{"confidence_level":0.95,"lower_bound":35927668.611003,"upper_bound":35961165.25466477},"point_estimate":35941597.727731094,"standard_error":8531.678501604812},"std_dev":{"confidence_interval":{"confidence_level":0.95,"lower_bound":25470.25601891663,"upper_bound":49598.443439734685},"point_estimate":43043.75298287374,"standard_error":6162.458627717625}}