{"mean":{"confidence_interval":{"confidence_level":0.95,"lower_bound":370170447.063447,"upper_bound":402511608.0465277},"point_estimate":384664414.56719524,"standard_error":8337422.995044986},"median":{"confidence_interval":{"confidence_level":0.95,"lower_bound":363426225.4818182,"upper_bound":396545274.2929293},"point_estimate":379572798.74058443,"standard_error":7624530.525972605},"median_abs_dev":{"confidence_interval":{"confidence_level":0.95,"lower_bound":3371697.5414188234,"upper_bound":39500835.571668975},"point_estimate":22680742.066673618,"standard_error":9980579.500521956},"slope":{"confidence_interval":{"confidence_level":0.95,"lower_bound":367671178.2364061,"upper_bound":395864822.8456559},"point_estimate":381409732.9912633,"standard_error":7288573.012877013},"std_dev":{"confidence_interval":{"confidence_level":0.95,"lower_bound":11087715.310914952,"upper_bound":38230389.71488961},"point_estimate":27719945.81464344,"standard_error":7700712.349055019}}