{"mean":{"confidence_interval":{"confidence_level":0.95,"lower_bound":6247455.796065392,"upper_bound":6886442.86286366},"point_estimate":6579964.138671485,"standard_error":164475.12490235467},"median":{"confidence_interval":{"confidence_level":0.95,"lower_bound":6076568.917855256,"upper_bound":7012301.241296884},"point_estimate":6722407.306726851,"standard_error":236464.81164665436},"median_abs_dev":{"confidence_interval":{"confidence_level":0.95,"lower_bound":82172.93016974848,"upper_bound":896426.9312010357},"point_estimate":469486.68868282647,"standard_error":220130.71509997317},"slope":{"confidence_interval":{"confidence_level":0.95,"lower_bound":6598771.286075894,"upper_bound":7113319.74074349},"point_estimate":6911397.085846008,"standard_error":132186.5383438551},"std_dev":{"confidence_interval":{"confidence_level":0.95,"lower_bound":282574.07531699695,"upper_bound":663882.8499252546},"point_estimate":548377.1939484004,"standard_error":93005.53986090735}}