{"mean":{"confidence_interval":{"confidence_level":0.95,"lower_bound":5808642.638899863,"upper_bound":5948684.141535011},"point_estimate":5872564.450636591,"standard_error":35949.1340256157},"median":{"confidence_interval":{"confidence_level":0.95,"lower_bound":5774753.852433905,"upper_bound":5939176.729447975},"point_estimate":5853118.546028594,"standard_error":50430.25625616183},"median_abs_dev":{"confidence_interval":{"confidence_level":0.95,"lower_bound":16207.872508083652,"upper_bound":200220.53647455497},"point_estimate":118079.96662128496,"standard_error":47006.624115709536},"slope":{"confidence_interval":{"confidence_level":0.95,"lower_bound":5840082.867853817,"upper_bound":6049369.282725432},"point_estimate":5955433.035889131,"standard_error":55349.282571105534},"std_dev":{"confidence_interval":{"confidence_level":0.95,"lower_bound":57414.12581146994,"upper_bound":162753.24606185444},"point_estimate":119486.4707325199,"standard_error":30550.423789106826}}