{"mean":{"confidence_interval":{"confidence_level":0.95,"lower_bound":48637920.3841387,"upper_bound":51358616.56623672},"point_estimate":49747143.10192473,"standard_error":728170.9126643651},"median":{"confidence_interval":{"confidence_level":0.95,"lower_bound":48347184.84988962,"upper_bound":50457284.30794702},"point_estimate":49005483.517975405,"standard_error":498615.3503431529},"median_abs_dev":{"confidence_interval":{"confidence_level":0.95,"lower_bound":181236.71255458717,"upper_bound":2243058.1692757662},"point_estimate":1044380.0622741167,"standard_error":557508.1719954836},"slope":{"confidence_interval":{"confidence_level":0.95,"lower_bound":48953692.76561702,"upper_bound":53738524.65236015},"point_estimate":50995231.13255354,"standard_error":1445287.279043235},"std_dev":{"confidence_interval":{"confidence_level":0.95,"lower_bound":552421.1212954737,"upper_bound":3620230.627715451},"point_estimate":2423224.4568531117,"standard_error":968166.1881287071}}