{"mean":{"confidence_interval":{"confidence_level":0.95,"lower_bound":7166153934.970079,"upper_bound":7358721829.569417},"point_estimate":7268940831.796747,"standard_error":49439757.439081736},"median":{"confidence_interval":{"confidence_level":0.95,"lower_bound":7138307039.222222,"upper_bound":7375768898.6875},"point_estimate":7347101943.589286,"standard_error":64745543.632061765},"median_abs_dev":{"confidence_interval":{"confidence_level":0.95,"lower_bound":11727583.323631074,"upper_bound":245757792.3424787},"point_estimate":52225576.08047054,"standard_error":63027829.79662983},"slope":{"confidence_interval":{"confidence_level":0.95,"lower_bound":7059450323.033996,"upper_bound":7341749032.260753},"point_estimate":7153341895.162337,"standard_error":64284432.11044919},"std_dev":{"confidence_interval":{"confidence_level":0.95,"lower_bound":38630331.26242585,"upper_bound":197907484.8283046},"point_estimate":163979340.97238603,"standard_error":35261890.722518064}}