{"mean":{"confidence_interval":{"confidence_level":0.95,"lower_bound":29303384.86329183,"upper_bound":31296434.51979226},"point_estimate":30208325.752480548,"standard_error":503887.13543016044},"median":{"confidence_interval":{"confidence_level":0.95,"lower_bound":29252211.616533864,"upper_bound":31003183.152722444},"point_estimate":29315074.05129482,"standard_error":506801.3347493419},"median_abs_dev":{"confidence_interval":{"confidence_level":0.95,"lower_bound":12331.795515929953,"upper_bound":2460522.4051350243},"point_estimate":129535.19089471477,"standard_error":635150.251951184},"slope":{"confidence_interval":{"confidence_level":0.95,"lower_bound":29299565.98285469,"upper_bound":32100027.5928186},"point_estimate":30703747.91402701,"standard_error":673591.2845743739},"std_dev":{"confidence_interval":{"confidence_level":0.95,"lower_bound":93241.94514542019,"upper_bound":2305852.781104559},"point_estimate":1681765.2943616242,"standard_error":514433.4416458569}}