{"mean":{"confidence_interval":{"confidence_level":0.95,"lower_bound":83609788.72671875,"upper_bound":84817269.47044319},"point_estimate":84168999.99649622,"standard_error":312145.7559871043},"median":{"confidence_interval":{"confidence_level":0.95,"lower_bound":83322922.12073863,"upper_bound":84927039.11363636},"point_estimate":83692905.84261364,"standard_error":557734.4200079},"median_abs_dev":{"confidence_interval":{"confidence_level":0.95,"lower_bound":20610.380381814855,"upper_bound":2022927.1681721092},"point_estimate":588613.5788629785,"standard_error":561233.6411665927},"slope":{"confidence_interval":{"confidence_level":0.95,"lower_bound":84071641.08735795,"upper_bound":85128653.5804731},"point_estimate":84662767.97532468,"standard_error":265527.4206712213},"std_dev":{"confidence_interval":{"confidence_level":0.95,"lower_bound":533491.6218274715,"upper_bound":1340355.931932564},"point_estimate":1041253.3344116247,"standard_error":214493.70758869612}}