{"mean":{"confidence_interval":{"confidence_level":0.95,"lower_bound":1820592038.1658065,"upper_bound":2012127235.153096},"point_estimate":1912891024.0048966,"standard_error":48389664.344117135},"median":{"confidence_interval":{"confidence_level":0.95,"lower_bound":1792772748.2444444,"upper_bound":2044694273.1},"point_estimate":1799155646.72,"standard_error":88547327.92225261},"median_abs_dev":{"confidence_interval":{"confidence_level":0.95,"lower_bound":1537923.9329963923,"upper_bound":303367335.9423593},"point_estimate":10751046.057405226,"standard_error":92875411.1678248},"slope":{"confidence_interval":{"confidence_level":0.95,"lower_bound":1821813557.4342494,"upper_bound":2070792789.3346033},"point_estimate":1945052189.7324677,"standard_error":63009221.89219211},"std_dev":{"confidence_interval":{"confidence_level":0.95,"lower_bound":76882495.69785556,"upper_bound":204067579.8700834},"point_estimate":162011669.83426207,"standard_error":31940578.307225842}}