{"mean":{"confidence_interval":{"confidence_level":0.95,"lower_bound":7983715.561710604,"upper_bound":8529897.838469416},"point_estimate":8203938.563181793,"standard_error":148925.54642657758},"median":{"confidence_interval":{"confidence_level":0.95,"lower_bound":7958508.998158379,"upper_bound":8281656.849797421},"point_estimate":8007404.926756117,"standard_error":78355.57760502945},"median_abs_dev":{"confidence_interval":{"confidence_level":0.95,"lower_bound":23184.29606508211,"upper_bound":406605.8938823405},"point_estimate":86396.5240478673,"standard_error":96229.41622388625},"slope":{"confidence_interval":{"confidence_level":0.95,"lower_bound":8005121.4808188025,"upper_bound":9035256.034748238},"point_estimate":8528076.266378704,"standard_error":285693.4926347247},"std_dev":{"confidence_interval":{"confidence_level":0.95,"lower_bound":41021.76011889665,"upper_bound":739973.1375417556},"point_estimate":496879.72900838655,"standard_error":209601.20673916617}}