{"mean":{"confidence_interval":{"confidence_level":0.95,"lower_bound":160530791.1769676,"upper_bound":175386394.7683443},"point_estimate":165551813.71113425,"standard_error":4647197.219882407},"median":{"confidence_interval":{"confidence_level":0.95,"lower_bound":160451790.125,"upper_bound":161014771.1087963},"point_estimate":160716287.69687498,"standard_error":1275199.9157595157},"median_abs_dev":{"confidence_interval":{"confidence_level":0.95,"lower_bound":31519.457690410403,"upper_bound":760142.0800681107},"point_estimate":398305.9948029873,"standard_error":1482353.9222455802},"slope":{"confidence_interval":{"confidence_level":0.95,"lower_bound":160644668.44350925,"upper_bound":192278773.41971982},"point_estimate":173442835.88636363,"standard_error":10001386.82873305},"std_dev":{"confidence_interval":{"confidence_level":0.95,"lower_bound":211336.21924759066,"upper_bound":23648915.486506302},"point_estimate":15454327.084377708,"standard_error":8771515.878175069}}