{"mean":{"confidence_interval":{"confidence_level":0.95,"lower_bound":399257284.6212197,"upper_bound":470702968.38606},"point_estimate":430029487.7096407,"standard_error":18524936.047952317},"median":{"confidence_interval":{"confidence_level":0.95,"lower_bound":394095018.0497076,"upper_bound":453376444.63909775},"point_estimate":395234158.1184211,"standard_error":18256073.09376615},"median_abs_dev":{"confidence_interval":{"confidence_level":0.95,"lower_bound":53286.07363295216,"upper_bound":85157034.35397133},"point_estimate":5302107.2261381075,"standard_error":23171069.992564186},"slope":{"confidence_interval":{"confidence_level":0.95,"lower_bound":400873962.1653199,"upper_bound":480923783.4533804},"point_estimate":430084646.59289134,"standard_error":20387611.6198948},"std_dev":{"confidence_interval":{"confidence_level":0.95,"lower_bound":10864542.921132192,"upper_bound":87509234.03389864},"point_estimate":61760546.34968623,"standard_error":20293202.8188439}}