{"mean":{"confidence_interval":{"confidence_level":0.95,"lower_bound":8567071159.176625,"upper_bound":9904439674.093271},"point_estimate":9242515916.840834,"standard_error":344054485.6500141},"median":{"confidence_interval":{"confidence_level":0.95,"lower_bound":8026347693.0,"upper_bound":10338322197.0},"point_estimate":9329465109.0625,"standard_error":844211901.8923697},"median_abs_dev":{"confidence_interval":{"confidence_level":0.95,"lower_bound":58049100.013272464,"upper_bound":1682730354.2328029},"point_estimate":1521769262.2822826,"standard_error":547611630.7352988},"slope":{"confidence_interval":{"confidence_level":0.95,"lower_bound":9290755117.697496,"upper_bound":10293635116.1875},"point_estimate":10001997667.290909,"standard_error":264729900.16596267},"std_dev":{"confidence_interval":{"confidence_level":0.95,"lower_bound":809234805.5340881,"upper_bound":1218072950.4514477},"point_estimate":1148268628.20685,"standard_error":106314049.78359559}}