{"mean":{"confidence_interval":{"confidence_level":0.95,"lower_bound":801568563.2366843,"upper_bound":825112602.4274864},"point_estimate":814352125.6779805,"standard_error":6045021.011533466},"median":{"confidence_interval":{"confidence_level":0.95,"lower_bound":800334288.6507937,"upper_bound":828857623.1666666},"point_estimate":822270610.5385802,"standard_error":7062571.578679969},"median_abs_dev":{"confidence_interval":{"confidence_level":0.95,"lower_bound":2735097.429177261,"upper_bound":32363326.332069486},"point_estimate":10050729.871614873,"standard_error":7663631.025398429},"slope":{"confidence_interval":{"confidence_level":0.95,"lower_bound":785605460.7686965,"upper_bound":823355658.2836499},"point_estimate":802081706.6646465,"standard_error":9742220.74696633},"std_dev":{"confidence_interval":{"confidence_level":0.95,"lower_bound":5595818.948570192,"upper_bound":26160591.963812154},"point_estimate":20141546.99713224,"standard_error":4906039.457517419}}