{"mean":{"confidence_interval":{"confidence_level":0.95,"lower_bound":42022756.25714286,"upper_bound":43444790.72516003},"point_estimate":42719272.4528424,"standard_error":365183.9297066747},"median":{"confidence_interval":{"confidence_level":0.95,"lower_bound":41652042.03285714,"upper_bound":43548387.93285714},"point_estimate":42488812.90630953,"standard_error":724451.5884766909},"median_abs_dev":{"confidence_interval":{"confidence_level":0.95,"lower_bound":7026.836584258749,"upper_bound":2461253.971894364},"point_estimate":1261735.7701502217,"standard_error":739305.0528747077},"slope":{"confidence_interval":{"confidence_level":0.95,"lower_bound":42352957.71663524,"upper_bound":44227101.50542124},"point_estimate":43408943.04442301,"standard_error":477185.82228869596},"std_dev":{"confidence_interval":{"confidence_level":0.95,"lower_bound":740075.5095215088,"upper_bound":1520464.9184436377},"point_estimate":1216130.5393948392,"standard_error":223949.98839610402}}