{"mean":{"confidence_interval":{"confidence_level":0.95,"lower_bound":71804621.60322039,"upper_bound":72243619.8355964},"point_estimate":71955843.08541055,"standard_error":134279.97220736663},"median":{"confidence_interval":{"confidence_level":0.95,"lower_bound":71803401.84120879,"upper_bound":71843289.30448717},"point_estimate":71809611.68376067,"standard_error":32331.465759306015},"median_abs_dev":{"confidence_interval":{"confidence_level":0.95,"lower_bound":3041.543550163565,"upper_bound":53393.551426694095},"point_estimate":22458.107923208732,"standard_error":40696.21757062172},"slope":{"confidence_interval":{"confidence_level":0.95,"lower_bound":71807783.12296455,"upper_bound":72554054.52511774},"point_estimate":72051287.32427572,"standard_error":221475.34346693734},"std_dev":{"confidence_interval":{"confidence_level":0.95,"lower_bound":12313.901812329002,"upper_bound":688330.0205919622},"point_estimate":449020.51236367767,"standard_error":248720.56017833436}}