{"mean":{"confidence_interval":{"confidence_level":0.95,"lower_bound":49481745.58105137,"upper_bound":56651834.4951271},"point_estimate":53020593.44670604,"standard_error":1839913.2641423421},"median":{"confidence_interval":{"confidence_level":0.95,"lower_bound":46531420.12531328,"upper_bound":56965873.20927318},"point_estimate":54667817.30827068,"standard_error":2836394.545425542},"median_abs_dev":{"confidence_interval":{"confidence_level":0.95,"lower_bound":406333.55515455466,"upper_bound":12432733.764916431},"point_estimate":7292402.346556083,"standard_error":3072429.3437861283},"slope":{"confidence_interval":{"confidence_level":0.95,"lower_bound":47224330.44582268,"upper_bound":54457719.30026952},"point_estimate":49696790.42970413,"standard_error":1837322.4965771725},"std_dev":{"confidence_interval":{"confidence_level":0.95,"lower_bound":3736801.418405684,"upper_bound":7678444.148519098},"point_estimate":6133526.712615388,"standard_error":1056719.7021006362}}