{"mean":{"confidence_interval":{"confidence_level":0.95,"lower_bound":5839666.283055893,"upper_bound":6586425.779538161},"point_estimate":6237109.783399653,"standard_error":192279.8725037649},"median":{"confidence_interval":{"confidence_level":0.95,"lower_bound":5543580.1950684935,"upper_bound":6722493.2255707765},"point_estimate":6494605.528310502,"standard_error":282125.7206498015},"median_abs_dev":{"confidence_interval":{"confidence_level":0.95,"lower_bound":88480.62981860657,"upper_bound":1030385.6776250795},"point_estimate":382106.6088690606,"standard_error":239811.2862761789},"slope":{"confidence_interval":{"confidence_level":0.95,"lower_bound":5572665.304679735,"upper_bound":6655708.380309819},"point_estimate":6013281.275872621,"standard_error":278897.08252266125},"std_dev":{"confidence_interval":{"confidence_level":0.95,"lower_bound":177293.56899262365,"upper_bound":763104.5792096211},"point_estimate":643524.9320828884,"standard_error":122623.73803544385}}