{"mean":{"confidence_interval":{"confidence_level":0.95,"lower_bound":9394102.644586941,"upper_bound":10313219.363869045},"point_estimate":9833996.68061508,"standard_error":235972.1142291953},"median":{"confidence_interval":{"confidence_level":0.95,"lower_bound":9137149.603896104,"upper_bound":10461917.231601732},"point_estimate":9640963.490665585,"standard_error":385358.0390975171},"median_abs_dev":{"confidence_interval":{"confidence_level":0.95,"lower_bound":110584.10939401425,"upper_bound":1373633.916025245},"point_estimate":796421.1643078583,"standard_error":336554.48050637054},"slope":{"confidence_interval":{"confidence_level":0.95,"lower_bound":9238800.34142748,"upper_bound":9893268.274479058},"point_estimate":9553471.95717659,"standard_error":169054.0626698309},"std_dev":{"confidence_interval":{"confidence_level":0.95,"lower_bound":432464.35099376505,"upper_bound":981289.1840033708},"point_estimate":788021.5529566774,"standard_error":143219.3881101488}}