{"mean":{"confidence_interval":{"confidence_level":0.95,"lower_bound":4491763.8098552525,"upper_bound":4507402.624537074},"point_estimate":4498612.36682835,"standard_error":4067.148062723623},"median":{"confidence_interval":{"confidence_level":0.95,"lower_bound":4490286.062034739,"upper_bound":4506454.8048387095},"point_estimate":4493714.13380204,"standard_error":3431.4536018654258},"median_abs_dev":{"confidence_interval":{"confidence_level":0.95,"lower_bound":1458.3033607599516,"upper_bound":17657.81866278895},"point_estimate":5119.141528223974,"standard_error":3721.2497502472115},"slope":{"confidence_interval":{"confidence_level":0.95,"lower_bound":4492643.0324331,"upper_bound":4500237.137309517},"point_estimate":4495528.564010183,"standard_error":1946.0799281018963},"std_dev":{"confidence_interval":{"confidence_level":0.95,"lower_bound":2938.5051960451524,"upper_bound":18448.329249771563},"point_estimate":13564.176503205259,"standard_error":4207.4520017182585}}