{"mean":{"confidence_interval":{"confidence_level":0.95,"lower_bound":74775659.60135096,"upper_bound":81377292.77254246},"point_estimate":77980614.88426282,"standard_error":1693766.7698774654},"median":{"confidence_interval":{"confidence_level":0.95,"lower_bound":72506273.20769231,"upper_bound":83790511.08653846},"point_estimate":77551984.25,"standard_error":2966936.0455836533},"median_abs_dev":{"confidence_interval":{"confidence_level":0.95,"lower_bound":532371.4511269894,"upper_bound":9610323.123837285},"point_estimate":7746956.784078641,"standard_error":2655334.82667103},"slope":{"confidence_interval":{"confidence_level":0.95,"lower_bound":74053882.72061856,"upper_bound":82324049.91799876},"point_estimate":77556802.40999001,"standard_error":2132234.972750628},"std_dev":{"confidence_interval":{"confidence_level":0.95,"lower_bound":3267364.606930274,"upper_bound":6593229.880676318},"point_estimate":5642745.36667991,"standard_error":811131.7183291509}}