{"mean":{"confidence_interval":{"confidence_level":0.95,"lower_bound":17956094.67875143,"upper_bound":17970576.933728114},"point_estimate":17962750.69088324,"standard_error":3753.899159964272},"median":{"confidence_interval":{"confidence_level":0.95,"lower_bound":17954675.55670103,"upper_bound":17970969.52462772},"point_estimate":17955964.4338488,"standard_error":5350.307215705686},"median_abs_dev":{"confidence_interval":{"confidence_level":0.95,"lower_bound":244.30292556047942,"upper_bound":21823.363507879185},"point_estimate":5423.997749067362,"standard_error":5838.155079285177},"slope":{"confidence_interval":{"confidence_level":0.95,"lower_bound":17955839.077046756,"upper_bound":17975036.205406997},"point_estimate":17965056.638800375,"standard_error":4753.004210889755},"std_dev":{"confidence_interval":{"confidence_level":0.95,"lower_bound":5495.738301240014,"upper_bound":16789.216562075857},"point_estimate":12477.56759062863,"standard_error":3167.185587860821}}