{"mean":{"confidence_interval":{"confidence_level":0.95,"lower_bound":398153752.61688894,"upper_bound":403162748.0856899},"point_estimate":400746157.46091276,"standard_error":1284872.3973043638},"median":{"confidence_interval":{"confidence_level":0.95,"lower_bound":396960875.9111111,"upper_bound":404566804.62857145},"point_estimate":401579249.4325,"standard_error":1819437.1372867676},"median_abs_dev":{"confidence_interval":{"confidence_level":0.95,"lower_bound":1057601.748223805,"upper_bound":7569050.653282505},"point_estimate":5042615.6429112,"standard_error":1659920.688037082},"slope":{"confidence_interval":{"confidence_level":0.95,"lower_bound":400139870.09751713,"upper_bound":403460273.1537536},"point_estimate":401748111.24727273,"standard_error":834288.0412119373},"std_dev":{"confidence_interval":{"confidence_level":0.95,"lower_bound":2317377.259618871,"upper_bound":5210845.480775884},"point_estimate":4272288.911407656,"standard_error":722703.6887050497}}