{"mean":{"confidence_interval":{"confidence_level":0.95,"lower_bound":52762908.1446202,"upper_bound":57084059.41496062},"point_estimate":54614370.62339083,"standard_error":1131352.4359360407},"median":{"confidence_interval":{"confidence_level":0.95,"lower_bound":52320407.42519685,"upper_bound":56259124.76115486},"point_estimate":52616430.859580055,"standard_error":1095418.4562527656},"median_abs_dev":{"confidence_interval":{"confidence_level":0.95,"lower_bound":68378.54685493329,"upper_bound":4005305.587353423},"point_estimate":612129.5667711186,"standard_error":1356847.9199071843},"slope":{"confidence_interval":{"confidence_level":0.95,"lower_bound":52429824.03610382,"upper_bound":60336299.575380124},"point_estimate":56109945.14864506,"standard_error":2266299.0805578064},"std_dev":{"confidence_interval":{"confidence_level":0.95,"lower_bound":865692.9190900512,"upper_bound":5470065.228055519},"point_estimate":3790199.652517704,"standard_error":1329692.3956720342}}