{"mean":{"confidence_interval":{"confidence_level":0.95,"lower_bound":18978984.407330427,"upper_bound":20946493.636913113},"point_estimate":19916712.69368394,"standard_error":503102.6308340437},"median":{"confidence_interval":{"confidence_level":0.95,"lower_bound":18254823.85882353,"upper_bound":21013687.102941178},"point_estimate":19883588.01193277,"standard_error":655072.563676107},"median_abs_dev":{"confidence_interval":{"confidence_level":0.95,"lower_bound":242882.23939245183,"upper_bound":2921310.138580849},"point_estimate":1767712.378724038,"standard_error":694266.5087401501},"slope":{"confidence_interval":{"confidence_level":0.95,"lower_bound":18770561.022270314,"upper_bound":21940892.76067961},"point_estimate":20288237.901023682,"standard_error":833124.5725941779},"std_dev":{"confidence_interval":{"confidence_level":0.95,"lower_bound":906399.1753893975,"upper_bound":2174187.952429251},"point_estimate":1675544.7667619966,"standard_error":342568.97626002395}}