{"mean":{"confidence_interval":{"confidence_level":0.95,"lower_bound":4932427.222773261,"upper_bound":4934217.741517405},"point_estimate":4933309.628996966,"standard_error":459.02223583596805},"median":{"confidence_interval":{"confidence_level":0.95,"lower_bound":4932243.778116532,"upper_bound":4934212.654447349},"point_estimate":4933109.5186540205,"standard_error":452.86561716568775},"median_abs_dev":{"confidence_interval":{"confidence_level":0.95,"lower_bound":112.51554326010942,"upper_bound":2483.617457803728},"point_estimate":1111.4806074550343,"standard_error":672.2154124479033},"slope":{"confidence_interval":{"confidence_level":0.95,"lower_bound":4932905.93659522,"upper_bound":4934424.6929223165},"point_estimate":4933569.457487769,"standard_error":386.03409815705635},"std_dev":{"confidence_interval":{"confidence_level":0.95,"lower_bound":739.103695850634,"upper_bound":2022.8292162161351},"point_estimate":1528.7545301420357,"standard_error":328.3980347411946}}