{"mean":{"confidence_interval":{"confidence_level":0.95,"lower_bound":245252483.17536804,"upper_bound":324953257.0677261},"point_estimate":285065682.1605972,"standard_error":20810506.13577987},"median":{"confidence_interval":{"confidence_level":0.95,"lower_bound":218816218.75,"upper_bound":351277190.57000005},"point_estimate":284090150.35,"standard_error":55658153.48477526},"median_abs_dev":{"confidence_interval":{"confidence_level":0.95,"lower_bound":1009583.5778225674,"upper_bound":98022562.76093993},"point_estimate":96852073.57907696,"standard_error":39397479.68650348},"slope":{"confidence_interval":{"confidence_level":0.95,"lower_bound":221647451.2608722,"upper_bound":277874831.9666912},"point_estimate":237884976.0666234,"standard_error":14941362.902550967},"std_dev":{"confidence_interval":{"confidence_level":0.95,"lower_bound":54144675.57423493,"upper_bound":70512098.26110014},"point_estimate":69441972.87089393,"standard_error":5942331.159617237}}