{"mean":{"confidence_interval":{"confidence_level":0.95,"lower_bound":19548585.174220055,"upper_bound":19885022.80213092},"point_estimate":19701333.727740638,"standard_error":87065.7556378659},"median":{"confidence_interval":{"confidence_level":0.95,"lower_bound":19486090.909122564,"upper_bound":19905100.98816156},"point_estimate":19610238.62179666,"standard_error":105601.21774277327},"median_abs_dev":{"confidence_interval":{"confidence_level":0.95,"lower_bound":15152.527410446504,"upper_bound":388384.090290876},"point_estimate":169779.71917104395,"standard_error":118961.6954878337},"slope":{"confidence_interval":{"confidence_level":0.95,"lower_bound":19497729.830446895,"upper_bound":19670707.54460042},"point_estimate":19578718.09147343,"standard_error":45606.4458062485},"std_dev":{"confidence_interval":{"confidence_level":0.95,"lower_bound":100045.07585904858,"upper_bound":378951.62421207083},"point_estimate":290481.9501389244,"standard_error":75027.57800737502}}