{"mean":{"confidence_interval":{"confidence_level":0.95,"lower_bound":3570354469.621667,"upper_bound":3624119209.2340736},"point_estimate":3596899439.020185,"standard_error":13774028.667387651},"median":{"confidence_interval":{"confidence_level":0.95,"lower_bound":3557594789.4666667,"upper_bound":3635178396.75},"point_estimate":3592102628.375,"standard_error":19267148.131112877},"median_abs_dev":{"confidence_interval":{"confidence_level":0.95,"lower_bound":13625208.165404672,"upper_bound":80490423.6987442},"point_estimate":45694285.10459769,"standard_error":17084824.21856267},"slope":{"confidence_interval":{"confidence_level":0.95,"lower_bound":3549228946.7156143,"upper_bound":3622515361.399651},"point_estimate":3577777306.9549785,"standard_error":18747000.44052201},"std_dev":{"confidence_interval":{"confidence_level":0.95,"lower_bound":26671219.184499856,"upper_bound":56570667.09415668},"point_estimate":45705211.78470277,"standard_error":7674324.738539991}}