{"mean":{"confidence_interval":{"confidence_level":0.95,"lower_bound":56811793.97202842,"upper_bound":57371195.11798614},"point_estimate":57093137.75092355,"standard_error":143144.98042910828},"median":{"confidence_interval":{"confidence_level":0.95,"lower_bound":56719981.60677083,"upper_bound":57475755.40625},"point_estimate":57127201.063541666,"standard_error":236629.1718453981},"median_abs_dev":{"confidence_interval":{"confidence_level":0.95,"lower_bound":114507.62056708151,"upper_bound":763115.6619229775},"point_estimate":542448.852583828,"standard_error":185793.6049114741},"slope":{"confidence_interval":{"confidence_level":0.95,"lower_bound":56533482.71107878,"upper_bound":57162413.87582734},"point_estimate":56781160.580742694,"standard_error":162180.40368573557},"std_dev":{"confidence_interval":{"confidence_level":0.95,"lower_bound":292202.1309628373,"upper_bound":590212.4185869052},"point_estimate":475865.794735099,"standard_error":76872.58286100556}}