{"mean":{"confidence_interval":{"confidence_level":0.95,"lower_bound":4491679.66878013,"upper_bound":4508684.615447031},"point_estimate":4497757.379121203,"standard_error":5028.451851222635},"median":{"confidence_interval":{"confidence_level":0.95,"lower_bound":4491126.502057613,"upper_bound":4494546.005761317},"point_estimate":4493081.244290123,"standard_error":1424.6653826731213},"median_abs_dev":{"confidence_interval":{"confidence_level":0.95,"lower_bound":345.24201263639185,"upper_bound":4371.037697275337},"point_estimate":2516.8973312743465,"standard_error":1616.0635775883572},"slope":{"confidence_interval":{"confidence_level":0.95,"lower_bound":4491369.840233816,"upper_bound":4526632.643729504},"point_estimate":4506029.996645823,"standard_error":10874.123748003374},"std_dev":{"confidence_interval":{"confidence_level":0.95,"lower_bound":1247.6157918081099,"upper_bound":25820.08652651312},"point_estimate":16805.598949059287,"standard_error":8869.533103103468}}