{"mean":{"confidence_interval":{"confidence_level":0.95,"lower_bound":947771632.8243809,"upper_bound":1162062799.647128},"point_estimate":1034836742.146786,"standard_error":55169460.93042087},"median":{"confidence_interval":{"confidence_level":0.95,"lower_bound":946772601.1,"upper_bound":1152432693.675},"point_estimate":948945425.6041667,"standard_error":46860972.205115914},"median_abs_dev":{"confidence_interval":{"confidence_level":0.95,"lower_bound":184726.47110037887,"upper_bound":300334592.6277902},"point_estimate":3232427.182770546,"standard_error":49471440.15574998},"slope":{"confidence_interval":{"confidence_level":0.95,"lower_bound":947582802.8574661,"upper_bound":971425073.882737},"point_estimate":953525003.0623376,"standard_error":6645056.59780279},"std_dev":{"confidence_interval":{"confidence_level":0.95,"lower_bound":1549310.6921673082,"upper_bound":231158182.3182527},"point_estimate":183038742.660171,"standard_error":63850083.25826021}}