{"mean":{"confidence_interval":{"confidence_level":0.95,"lower_bound":8318216.584608609,"upper_bound":9742226.750648212},"point_estimate":9043214.5102212,"standard_error":365454.7302952496},"median":{"confidence_interval":{"confidence_level":0.95,"lower_bound":7465108.26287703,"upper_bound":10149859.100541377},"point_estimate":9241656.964893382,"standard_error":589589.5705973969},"median_abs_dev":{"confidence_interval":{"confidence_level":0.95,"lower_bound":24630.679674405605,"upper_bound":2215642.935306022},"point_estimate":1580686.7770452625,"standard_error":573450.8490214006},"slope":{"confidence_interval":{"confidence_level":0.95,"lower_bound":7662455.320712595,"upper_bound":9148778.056536896},"point_estimate":8125365.094895592,"standard_error":357628.4354432321},"std_dev":{"confidence_interval":{"confidence_level":0.95,"lower_bound":685601.5996565121,"upper_bound":1443666.7752543718},"point_estimate":1222721.2426167899,"standard_error":182126.11781082425}}