{"mean":{"confidence_interval":{"confidence_level":0.95,"lower_bound":21150074.508997135,"upper_bound":21904313.729271386},"point_estimate":21520699.023986448,"standard_error":194103.4235978583},"median":{"confidence_interval":{"confidence_level":0.95,"lower_bound":20833948.71633238,"upper_bound":22136617.66174785},"point_estimate":21296267.09789876,"standard_error":346300.78709810803},"median_abs_dev":{"confidence_interval":{"confidence_level":0.95,"lower_bound":20978.273478851574,"upper_bound":1070882.2061055752},"point_estimate":719989.4948505831,"standard_error":262334.78962389036},"slope":{"confidence_interval":{"confidence_level":0.95,"lower_bound":21386329.011494253,"upper_bound":22215151.16871945},"point_estimate":21810665.15681167,"standard_error":215973.92605452513},"std_dev":{"confidence_interval":{"confidence_level":0.95,"lower_bound":401678.9529284907,"upper_bound":758379.437246266},"point_estimate":646663.8845850318,"standard_error":89829.4715196707}}