{"mean":{"confidence_interval":{"confidence_level":0.95,"lower_bound":1538833140.7463493,"upper_bound":1572847519.7518306},"point_estimate":1556824445.8911984,"standard_error":8747467.426639099},"median":{"confidence_interval":{"confidence_level":0.95,"lower_bound":1533409149.7975,"upper_bound":1575590835.12},"point_estimate":1568628002.2916665,"standard_error":11272139.88770861},"median_abs_dev":{"confidence_interval":{"confidence_level":0.95,"lower_bound":3368431.9037385797,"upper_bound":45418560.56364764},"point_estimate":22330365.988691296,"standard_error":12704394.750875007},"slope":{"confidence_interval":{"confidence_level":0.95,"lower_bound":1524104204.8917127,"upper_bound":1560220760.4441285},"point_estimate":1538764147.5028572,"standard_error":9136157.19689536},"std_dev":{"confidence_interval":{"confidence_level":0.95,"lower_bound":13373516.664853994,"upper_bound":37345730.84829002},"point_estimate":29240995.894685667,"standard_error":6092463.654794462}}