{"mean":{"confidence_interval":{"confidence_level":0.95,"lower_bound":4828501816.7375345,"upper_bound":5119405319.283889},"point_estimate":4949991811.732878,"standard_error":81160964.30163474},"median":{"confidence_interval":{"confidence_level":0.95,"lower_bound":4824427353.78125,"upper_bound":5017323489.611111},"point_estimate":4837844171.434524,"standard_error":43375033.16483894},"median_abs_dev":{"confidence_interval":{"confidence_level":0.95,"lower_bound":1066361.725468901,"upper_bound":264941440.77508235},"point_estimate":13166328.398686375,"standard_error":57604520.16145961},"slope":{"confidence_interval":{"confidence_level":0.95,"lower_bound":4827193974.622222,"upper_bound":5393822393.968952},"point_estimate":5120255246.515584,"standard_error":157440559.7960361},"std_dev":{"confidence_interval":{"confidence_level":0.95,"lower_bound":12641296.955682145,"upper_bound":394736213.8716859},"point_estimate":271307136.8598811,"standard_error":110664279.49759704}}