{"mean":{"confidence_interval":{"confidence_level":0.95,"lower_bound":907882361.077872,"upper_bound":1015675054.8905742},"point_estimate":960010015.9003719,"standard_error":27698701.58935087},"median":{"confidence_interval":{"confidence_level":0.95,"lower_bound":888399761.425,"upper_bound":1058323817.19375},"point_estimate":916848270.1354167,"standard_error":49933450.49831327},"median_abs_dev":{"confidence_interval":{"confidence_level":0.95,"lower_bound":12232603.204260718,"upper_bound":145192981.77185464},"point_estimate":74376809.75125407,"standard_error":36875034.04621059},"slope":{"confidence_interval":{"confidence_level":0.95,"lower_bound":892325342.1041706,"upper_bound":1057809756.5752978},"point_estimate":989426477.4636364,"standard_error":43808969.14442586},"std_dev":{"confidence_interval":{"confidence_level":0.95,"lower_bound":52274195.004984856,"upper_bound":107503480.5666286},"point_estimate":92026933.10370004,"standard_error":13763651.771628615}}