{"mean":{"confidence_interval":{"confidence_level":0.95,"lower_bound":277799983.9736874,"upper_bound":312221632.3196939},"point_estimate":295072361.88501227,"standard_error":8809137.7860881},"median":{"confidence_interval":{"confidence_level":0.95,"lower_bound":267192349.15384614,"upper_bound":315821533.89316237},"point_estimate":297682313.0448718,"standard_error":11308944.249913644},"median_abs_dev":{"confidence_interval":{"confidence_level":0.95,"lower_bound":2609013.337824981,"upper_bound":54859599.67327047},"point_estimate":26949913.275804278,"standard_error":13085989.824614171},"slope":{"confidence_interval":{"confidence_level":0.95,"lower_bound":273285506.8682095,"upper_bound":306595485.1945195},"point_estimate":289851394.6134865,"standard_error":8720838.860087277},"std_dev":{"confidence_interval":{"confidence_level":0.95,"lower_bound":15885414.876036873,"upper_bound":37391461.119581744},"point_estimate":29306092.96361064,"standard_error":5399257.403477196}}