{"mean":{"confidence_interval":{"confidence_level":0.95,"lower_bound":3124028460.781759,"upper_bound":3181551944.1936903},"point_estimate":3154034112.824114,"standard_error":14733124.534841023},"median":{"confidence_interval":{"confidence_level":0.95,"lower_bound":3105385597.0740743,"upper_bound":3194022053.5},"point_estimate":3166715518.0,"standard_error":21218943.022466477},"median_abs_dev":{"confidence_interval":{"confidence_level":0.95,"lower_bound":10031106.570912275,"upper_bound":76036861.8664759},"point_estimate":48336797.34889033,"standard_error":18998052.883951504},"slope":{"confidence_interval":{"confidence_level":0.95,"lower_bound":3102388253.157381,"upper_bound":3169442087.136043},"point_estimate":3134271666.803463,"standard_error":17076543.183933962},"std_dev":{"confidence_interval":{"confidence_level":0.95,"lower_bound":21571635.45511027,"upper_bound":58838374.461907215},"point_estimate":49089495.29277239,"standard_error":8506443.61584009}}