{"mean":{"confidence_interval":{"confidence_level":0.95,"lower_bound":71911549.2701084,"upper_bound":72032237.31463027},"point_estimate":71970569.81505036,"standard_error":30928.100678643936},"median":{"confidence_interval":{"confidence_level":0.95,"lower_bound":71867850.32692307,"upper_bound":72069928.97115384},"point_estimate":71959899.70769231,"standard_error":54055.04945565009},"median_abs_dev":{"confidence_interval":{"confidence_level":0.95,"lower_bound":10987.94349338509,"upper_bound":173618.99461341285},"point_estimate":139128.51586998394,"standard_error":43294.840893905675},"slope":{"confidence_interval":{"confidence_level":0.95,"lower_bound":71920683.48019347,"upper_bound":72076069.19529557},"point_estimate":72004920.9957043,"standard_error":39185.10987625757},"std_dev":{"confidence_interval":{"confidence_level":0.95,"lower_bound":62556.27333117622,"upper_bound":123892.47177264407},"point_estimate":103162.94610523112,"standard_error":15704.976482821354}}