{"mean":{"confidence_interval":{"confidence_level":0.95,"lower_bound":6274177.944486517,"upper_bound":7392451.379600863},"point_estimate":6833203.280304616,"standard_error":286334.6243989846},"median":{"confidence_interval":{"confidence_level":0.95,"lower_bound":5834404.010633379,"upper_bound":7736811.737459547},"point_estimate":6807813.994588277,"standard_error":646086.719361816},"median_abs_dev":{"confidence_interval":{"confidence_level":0.95,"lower_bound":53005.465060753144,"upper_bound":1459047.9902939845},"point_estimate":1403358.8994360438,"standard_error":421021.4318181514},"slope":{"confidence_interval":{"confidence_level":0.95,"lower_bound":6024296.167749182,"upper_bound":7347571.976670496},"point_estimate":6646298.235804648,"standard_error":353177.6422054847},"std_dev":{"confidence_interval":{"confidence_level":0.95,"lower_bound":660088.7825973846,"upper_bound":1053982.538923002},"point_estimate":955108.5081254327,"standard_error":100121.7908962637}}