{"mean":{"confidence_interval":{"confidence_level":0.95,"lower_bound":579874239.967501,"upper_bound":608462144.9652138},"point_estimate":590207872.6711752,"standard_error":8364695.202044855},"median":{"confidence_interval":{"confidence_level":0.95,"lower_bound":578787051.8461539,"upper_bound":585295142.5961537},"point_estimate":581855724.7115384,"standard_error":2653726.853694254},"median_abs_dev":{"confidence_interval":{"confidence_level":0.95,"lower_bound":407882.12739717425,"upper_bound":8771281.742957339},"point_estimate":4812154.45282874,"standard_error":3037551.604888666},"slope":{"confidence_interval":{"confidence_level":0.95,"lower_bound":577602882.4383391,"upper_bound":637977757.095485},"point_estimate":602441956.6843157,"standard_error":18558118.66557975},"std_dev":{"confidence_interval":{"confidence_level":0.95,"lower_bound":2443512.578513284,"upper_bound":42909442.93612066},"point_estimate":27911922.313711688,"standard_error":14496098.138675792}}