{"mean":{"confidence_interval":{"confidence_level":0.95,"lower_bound":3296661944.3694167,"upper_bound":3318432791.6230693},"point_estimate":3307629119.686984,"standard_error":5567713.841073549},"median":{"confidence_interval":{"confidence_level":0.95,"lower_bound":3294780403.833333,"upper_bound":3324663584.75},"point_estimate":3304036739.4666667,"standard_error":8901191.653590558},"median_abs_dev":{"confidence_interval":{"confidence_level":0.95,"lower_bound":3757602.746064216,"upper_bound":31982667.277399436},"point_estimate":21223679.190154374,"standard_error":7413153.8510715235},"slope":{"confidence_interval":{"confidence_level":0.95,"lower_bound":3308023666.404605,"upper_bound":3326523383.70362},"point_estimate":3319574812.885714,"standard_error":4627623.246618128},"std_dev":{"confidence_interval":{"confidence_level":0.95,"lower_bound":11363791.205705082,"upper_bound":22966862.713183675},"point_estimate":18527107.053639535,"standard_error":3014706.7997101555}}