{"mean":{"confidence_interval":{"confidence_level":0.95,"lower_bound":87151794.18550517,"upper_bound":94998733.52941701},"point_estimate":90822151.75664714,"standard_error":2013026.4125367757},"median":{"confidence_interval":{"confidence_level":0.95,"lower_bound":85176602.26518014,"upper_bound":95357651.8148148},"point_estimate":90448374.79920635,"standard_error":2265759.2916056435},"median_abs_dev":{"confidence_interval":{"confidence_level":0.95,"lower_bound":1104587.9437840811,"upper_bound":11767473.574210035},"point_estimate":5725045.926552732,"standard_error":2761692.422089334},"slope":{"confidence_interval":{"confidence_level":0.95,"lower_bound":84612999.48204876,"upper_bound":91802632.51626334},"point_estimate":87302197.61014225,"standard_error":1836776.7508696844},"std_dev":{"confidence_interval":{"confidence_level":0.95,"lower_bound":3082609.0965223974,"upper_bound":8717898.242156837},"point_estimate":6711019.177155273,"standard_error":1482407.3145993983}}