{"mean":{"confidence_interval":{"confidence_level":0.95,"lower_bound":46418711.55618118,"upper_bound":46804055.32949938},"point_estimate":46607528.88567461,"standard_error":98748.1527164478},"median":{"confidence_interval":{"confidence_level":0.95,"lower_bound":46296993.23717949,"upper_bound":46923445.179487176},"point_estimate":46553872.963736266,"standard_error":133969.81201135143},"median_abs_dev":{"confidence_interval":{"confidence_level":0.95,"lower_bound":15363.712136465312,"upper_bound":569758.3355950194},"point_estimate":412228.061227454,"standard_error":145676.17144585744},"slope":{"confidence_interval":{"confidence_level":0.95,"lower_bound":46348529.49798221,"upper_bound":46623373.54704032},"point_estimate":46489273.64035964,"standard_error":69376.59012637376},"std_dev":{"confidence_interval":{"confidence_level":0.95,"lower_bound":186963.89529861746,"upper_bound":406938.316652552},"point_estimate":328643.7286684995,"standard_error":56013.2366434652}}