{"mean":{"confidence_interval":{"confidence_level":0.95,"lower_bound":9018184.141928887,"upper_bound":9253691.282251703},"point_estimate":9136961.747143164,"standard_error":60284.97442836096},"median":{"confidence_interval":{"confidence_level":0.95,"lower_bound":8937077.096525097,"upper_bound":9322129.635456886},"point_estimate":9152332.560029417,"standard_error":141530.96984967694},"median_abs_dev":{"confidence_interval":{"confidence_level":0.95,"lower_bound":20098.315576967132,"upper_bound":303884.600703735},"point_estimate":261455.5279298592,"standard_error":89728.74640806054},"slope":{"confidence_interval":{"confidence_level":0.95,"lower_bound":8940468.890492328,"upper_bound":9130342.095827062},"point_estimate":8999594.427645456,"standard_error":49508.37555976703},"std_dev":{"confidence_interval":{"confidence_level":0.95,"lower_bound":140296.3785039297,"upper_bound":217555.2625742271},"point_estimate":201185.32068358955,"standard_error":19832.94605297058}}