{"mean":{"confidence_interval":{"confidence_level":0.95,"lower_bound":92366058.81395523,"upper_bound":93288195.16906019},"point_estimate":92793126.98935854,"standard_error":237350.80262156884},"median":{"confidence_interval":{"confidence_level":0.95,"lower_bound":92154239.75316456,"upper_bound":93368506.26329114},"point_estimate":92451242.4375,"standard_error":345527.2940529044},"median_abs_dev":{"confidence_interval":{"confidence_level":0.95,"lower_bound":51600.15612822741,"upper_bound":1308502.5984911027},"point_estimate":496378.4384718643,"standard_error":345201.4157729359},"slope":{"confidence_interval":{"confidence_level":0.95,"lower_bound":92456487.19137353,"upper_bound":93694250.91929345},"point_estimate":93102913.14542167,"standard_error":320616.6337801679},"std_dev":{"confidence_interval":{"confidence_level":0.95,"lower_bound":332252.3515322958,"upper_bound":993590.9169377798},"point_estimate":791712.1888265294,"standard_error":165316.1284936156}}