{"mean":{"confidence_interval":{"confidence_level":0.95,"lower_bound":838813926.6511573,"upper_bound":852988323.9208466},"point_estimate":846502286.42847,"standard_error":3649191.2812442956},"median":{"confidence_interval":{"confidence_level":0.95,"lower_bound":838315284.1381173,"upper_bound":855729578.7777778},"point_estimate":848447657.2777778,"standard_error":4091086.803757204},"median_abs_dev":{"confidence_interval":{"confidence_level":0.95,"lower_bound":1877775.396690666,"upper_bound":19309134.401807763},"point_estimate":9555473.365461946,"standard_error":4439365.460413774},"slope":{"confidence_interval":{"confidence_level":0.95,"lower_bound":829716406.3975774,"upper_bound":851774368.4549638},"point_estimate":838453393.1347764,"standard_error":5689400.000735598},"std_dev":{"confidence_interval":{"confidence_level":0.95,"lower_bound":4653886.673136567,"upper_bound":15746519.895453721},"point_estimate":12103399.592565706,"standard_error":2912298.08553808}}